Wiggins,Katie,Staff Engineer,katie.wiggi@holmes.net,(869)733-7383x08784
Reeves,Jeremiah,Staff Engineer,jerem.reeve@callahan.com,354.666.3190x348
Williams,Candice,Staff Engineer,candi.willi@robinson.com,487.445.4469
Moore,Michael,Staff Engineer,micha.moore@harris-baker.com,359.304.8431
Chapman,Katie,Staff Engineer,katie.chapm@brady.com,922.863.8977
Schaefer,Barry,Staff Engineer,barry.schae@hernandez.com,(932)373-7103
Stewart,Leslie,Staff Engineer,lesli.stewa@romero.com,422-274-5548
Butler,Steven,Staff Engineer,steve.butle@yates-le.com,001-367-553-4060
Harris,Candace,Staff Engineer,canda.harri@adams-forbes.com,001-225-219-2682x57560
Williams,Lisa,Staff Engineer,lisa.willi@villarreal.com,402.906.6056x5436
Thomas,Eddie,Senior Engineer,eddie.thoma@hall.com,001-372-833-4164x416
Vargas,Sean,Senior Engineer,sean.varga@burch.biz,001-804-507-1865x27286
Gallagher,James,Senior Engineer,james.galla@mitchell-morton.biz,001-772-689-6056
Martinez,Julie,Senior Engineer,julie.marti@may.com,937-271-8828
Johnson,Tara,Senior Engineer,tara.johns@henson.com,001-373-425-5263
Nunez,Kathryn,Senior Engineer,kathr.nunez@johnson.net,+1-875-417-9032x52410
Jackson,Mike,Senior Engineer,mike.jacks@shelton-kennedy.org,202.744.8276x943
Jackson,Jessica,Senior Engineer,jessi.jacks@ferguson.com,707-449-8389x2716
Griffin,Stephanie,Senior Engineer,steph.griff@anderson.biz,001-873-460-9263x57442
Carter,Shirley,Senior Engineer,shirl.carte@torres.org,(384)696-9328x8745
Leach,Ian,Senior Engineer,ian.leach@davies.com,459.238.1134
Russell,Tiffany,Senior Engineer,tiffa.russe@pierce-martin.info,001-528-673-5786
Travis,Emily,Senior Engineer,emily.travi@white.com,995-566-0395x5282
Stanley,Stephen,Senior Engineer,steph.stanl@strickland.info,331.353.0081
Simpson,Jeffrey,Senior Engineer,jeffr.simps@nguyen-cochran.com,+1-673-757-8162x92694
Schmitt,Tara,Senior Engineer,tara.schmi@strickland.com,2732375387
Allen,Adam,Senior Engineer,adam.allen@norton.net,458-407-5991
Herman,Morgan,Senior Engineer,morga.herma@anderson.org,214-563-3156
Lynn,Christina,Senior Engineer,chris.lynn@harris-duncan.com,001-746-235-5114x8495
Hernandez,Kaitlyn,Senior Engineer,kaitl.herna@cervantes.net,4068414048
Welch,Kathryn,Junior Engineer,kathr.welch@martin-johnson.com,657.249.0358
Fisher,Christian,Junior Engineer,chris.fishe@fischer.biz,783.894.4808x985
Bell,Nicholas,Junior Engineer,nicho.bell@fields.net,496.563.3479x950
Ewing,Robert,Junior Engineer,rober.ewing@shah.net,(668)206-5769x7399
Martin,Joshua,Junior Engineer,joshu.marti@fisher.org,001-464-375-4753x59668
Robinson,Jared,Junior Engineer,jared.robin@gray-marshall.com,(330)544-9281x23179
Mora,Betty,Junior Engineer,betty.mora@scott-evans.com,+1-926-704-2654x877
Mendez,Jason,Junior Engineer,jason.mende@zuniga-camacho.org,474.368.4349
Clark,Monica,Junior Engineer,monic.clark@anderson.com,(250)572-6057
Calderon,Toni,Junior Engineer,toni.calde@boone.com,378.690.1415
Dunn,George,Junior Engineer,georg.dunn@schwartz.com,+1-858-524-2368x61654
Silva,Rita,Junior Engineer,rita.silva@martinez-johnston.com,001-255-370-0102x2097
Randall,Brianna,Junior Engineer,brian.randa@collins.com,6445474683
Holt,Matthew,Junior Engineer,matth.holt@garrison-cuevas.com,569.635.5463x095
Jackson,Daniel,Junior Engineer,danie.jacks@jackson-beltran.info,001-426-552-4944x243
Reed,Denise,Junior Engineer,denis.reed@hanson-thompson.com,001-210-426-1848x63156
Conley,Christine,Junior Engineer,chris.conle@beck.com,663.402.0565
Wheeler,Jessica,Junior Engineer,jessi.wheel@peterson.com,(393)440-8106
Burke,Matthew,Junior Engineer,matth.burke@burnett-chavez.com,001-489-797-7368x04500
Hanson,Tracy,Junior Engineer,tracy.hanso@garcia.net,+1-386-783-1268x819
Mcdonald,Kevin,Junior Engineer,kevin.mcdon@roth.com,+1-560-343-4430x24308
Robinson,James,Junior Engineer,james.robin@ramsey.org,325-422-4553
Bryant,Faith,Junior Engineer,faith.bryan@holland-sweeney.info,(869)656-8786x49162
Fritz,Todd,Junior Engineer,todd.fritz@snyder.com,5187716960
Vasquez,Jessica,Junior Engineer,jessi.vasqu@parks-turner.com,494-306-5251x5206
Everett,Michael,Junior Engineer,micha.evere@graves-baker.com,445-726-0628x01473
Parks,Brandon,Junior Engineer,brand.parks@morales-ruiz.com,(672)605-8942
Wall,Maria,Junior Engineer,maria.wall@snyder-salinas.net,001-345-694-8739x0997
Walker,Leslie,Junior Engineer,lesli.walke@morris.com,(901)976-7292x5269
Taylor,Michelle,Junior Engineer,miche.taylo@walker-oliver.org,213.539.5080
Graves,Felicia,Junior Engineer,felic.grave@green.com,001-433-316-6984x212
Moore,Duane,Junior Engineer,duane.moore@kidd.com,001-904-339-9247x3610
Pearson,Kendra,Junior Engineer,kendr.pears@johnson.com,718-880-1044x612
Hines,Alexander,Junior Engineer,alexa.hines@hale.com,782.978.8370x9549
Davis,Timothy,Junior Engineer,timot.davis@aguirre.com,001-919-953-2592
Martinez,Tina,Junior Engineer,tina.marti@schwartz-kelley.net,(539)734-5501
Robinson,Thomas,Junior Engineer,thoma.robin@harris.com,001-678-652-8890
Duncan,Jill,Junior Engineer,jill.dunca@gray-lynn.info,+1-828-512-8693x2611
Webb,Jill,Junior Engineer,jill.webb@peterson.com,964.318.0092
Padilla,Raven,Junior Engineer,raven.padil@cruz.com,919.955.7249
Thompson,Laura,Tech. Lead,laura.thomp@nelson.com,572.418.2673x52093
Elliott,Taylor,Tech. Lead,taylo.ellio@marsh.com,350.482.1854x5039
Hernandez,Jose,Tech. Lead,jose.herna@johnson-ross.org,+1-679-479-9737x0939
Blankenship,Joshua,Tech. Lead,joshu.blank@thomas-hunter.com,851.410.2519
Scott,Joseph,Tech. Lead,josep.scott@park.com,(238)255-3596x59510
Miranda,Alyssa,Tech. Lead,alyss.miran@jones.com,316.898.9133x6839
Krause,Steven,Tech. Lead,steve.kraus@trujillo.com,926.978.8009
Herman,Christopher,Tech. Lead,chris.herma@luna.com,979.967.8864x381
Jackson,James,Tech. Lead,james.jacks@garcia.info,691-932-1475x351
Turner,Luke,Tech. Lead,luke.turne@lopez.com,285-444-8742x85019
Ayala,Russell,Tech. Lead,russe.ayala@blake-gonzalez.com,001-392-903-8585
Hopkins,James,Tech. Lead,james.hopki@ramirez.com,6379666133
Green,Jared,Tech. Lead,jared.green@robertson.com,001-795-810-9630x1510
Lopez,Hunter,Tech. Lead,hunte.lopez@rhodes.com,+1-641-541-6606x6311
Benton,Tonya,Tech. Lead,tonya.bento@johnson-rowe.com,864-902-4104x6529
Murphy,Rachel,Project Manager,rache.murph@johnson.com,929.756.2121x38798
Fisher,Charles,Project Manager,charl.fishe@hughes.info,001-236-595-6351
Elliott,Jeffrey,Project Manager,jeffr.ellio@ramsey-leblanc.com,001-280-364-2378x622
Collins,Belinda,Project Manager,belin.colli@carter-valdez.com,5044444525
Lawrence,Jimmy,Project Manager,jimmy.lawre@patterson-rogers.com,(902)281-0305x22066
Stewart,Justin,Project Manager,justi.stewa@morton.com,+1-721-538-0138x021
Phillips,Christopher,Project Manager,chris.phill@davis-sparks.info,796.816.1677x182
Lynch,Virginia,Project Manager,virgi.lynch@hawkins.com,555-442-3212x24190
Gray,Jessica,Project Manager,jessi.gray@king.com,467-903-5146x9671
Ellis,Thomas,Project Manager,thoma.ellis@grant.com,(366)205-5487x94322
Lee,Thomas,Project Manager,thoma.lee@shaw-gallagher.com,453-332-4374x1555
Mcbride,Christine,Project Manager,chris.mcbri@johnson-jones.com,684-249-9333x67576
Guzman,Joshua,Project Manager,joshu.guzma@white.info,001-795-721-2448x30105
Moore,Samuel,Project Manager,samue.moore@henry.biz,6583391554
Walker,Charlene,Project Manager,charl.walke@kelly-williams.info,(252)913-2078x96029
